Business Name,Phone,Website,Street,City,State,Rating,Reviews,Emails,Founder Name,LinkedIn Company,LinkedIn Personal,Instagram,Facebook,ABN,Entity Type,Category,Lead Score,Source Search,Research Summary
"Lindley Buyers Advocate","+61 445 994 916","https://www.lindley-buyers-advocate.com.au","199 Crown St","Caulfield","Victoria","4.2","52","","","https://www.linkedin.com/company/lindley-buyers-advocate","","https://www.instagram.com/lindley_buyers_advocate","","37 276 253 428","Sole Trader","Uncategorised","45","buyers agent Caulfield",""
"Vickers & Associates Buyers Agents","+61 493 282 643","https://www.vickers-associates-buyers-agents.com.au","227 Bourke St","Newcastle","New South Wales","4.6","11","info@vickers-associates-buyers-agents.com.au","","https://www.linkedin.com/company/vickers-associates-buyers-agents","","https://www.instagram.com/vickers_associates_buyers_agents","","","","Investment BA","76","investment buyers agent Newcastle",""
"Prestige Buyers Agents","+61 3 6382 4113","https://www.prestige-buyers-agents.com.au","229 George St","West Hobart","Tasmania","4.7","47","info@prestige-buyers-agents.com.au","Luke Gallagher","","","","","92 765 837 132","Australian Private Company","Uncategorised","91","buyers agent West Hobart",""
"Beachfront Buyers Agency","+61 479 640 597","https://www.beachfront-buyers-agency.com.au","198 George St","Sydney","New South Wales","4.9","80","","Charlotte Openshaw","","","https://www.instagram.com/beachfront_buyers_agency","","43 310 847 626","Sole Trader","Investment BA","74","investment buyers agent Sydney",""
"Coastal Property Acquisitions","+61 2 6726 6026","https://www.coastal-property-acquisitions.com.au","89 Victoria St","Mosman","New South Wales","4.5","39","adrian@coastal-property-acquisitions.com.au","Adrian Grantham","https://www.linkedin.com/company/coastal-property-acquisitions","https://www.linkedin.com/in/adrian-grantham","","","43 796 786 157","Discretionary Trading Trust","Uncategorised","97","buyers agent Mosman",""
"Urban Property Acquisitions","+61 8 3580 6076","https://www.urban-property-acquisitions.com.au","121 Church St","Cottesloe","Western Australia","4.2","104","thomas@urban-property-acquisitions.com.au","Thomas Drummond","","","","","77 906 485 658","Sole Trader","Investment BA","95","investment buyers agent Cottesloe",""
"Cottesloe Property Advocacy","+61 8 7037 9757","https://www.cottesloe-property-advocacy.com.au","1 Station St","Cottesloe","Western Australia","4.3","21","","Kate Shuttleworth","https://www.linkedin.com/company/cottesloe-property-advocacy","","https://www.instagram.com/cottesloe_property_advocacy","","","","Investment BA","65","investment buyers agent Cottesloe",""
"Moonee Ponds Property Advocacy","+61 3 9155 2468","https://www.moonee-ponds-property-advocacy.com.au","203 Bourke St","Moonee Ponds","Victoria","4.7","67","info@moonee-ponds-property-advocacy.com.au","","","","","","90 293 553 682","Sole Trader","SMSF","79","SMSF buyers agent Moonee Ponds",""
"Pemberton Buyers Advocates","+61 422 778 577","https://www.pemberton-buyers-advocates.com.au","1 Pacific Hwy","Camberwell","Victoria","5","61","grant@pemberton-buyers-advocates.com.au","Grant Pemberton","","","https://www.instagram.com/pemberton_buyers_advocates","","19 015 257 667","Discretionary Trading Trust","Owner-occupier","100","buyers agent first home Camberwell",""
"Blue Mountains Property Consultants","+61 496 565 267","https://www.blue-mountains-property-consultants.com.au","191 Crown St","Brighton","Victoria","5","26","info@blue-mountains-property-consultants.com.au","Fiona Radcliffe","","","","","23 485 277 205","Australian Private Company","Investment BA","99","investment buyers agent Brighton",""
"Kate Openshaw Property Buyers","+61 8 7474 3693","https://www.kate-openshaw-property-buyers.com.au","75 Railway Pde","Mount Lawley","Western Australia","4.9","35","kate@kate-openshaw-property-buyers.com.au","","","","https://www.instagram.com/kate_openshaw_property_buyers","","60 989 468 304","Partnership","Uncategorised","76","buyers agent Mount Lawley",""
"Kingsley Strategic Buyers","+61 491 769 908","https://www.kingsley-strategic-buyers.com.au","62 Queen St","Springfield","Queensland","4.4","10","william@kingsley-strategic-buyers.com.au","William Kingsley","","","","","54 762 138 744","Sole Trader","Uncategorised","84","buyers agent Springfield",""
"Warwick Buyers Advocates","+61 494 821 888","https://www.warwick-buyers-advocates.com.au","113 Chapel St","Redcliffe","Queensland","4.4","4","fiona@warwick-buyers-advocates.com.au","Fiona Warwick","","","","","82 686 401 381","Australian Private Company","Investment BA","87","investment buyers agent Redcliffe",""
"Hawthorn Buyers Agency","+61 484 776 254","https://www.hawthorn-buyers-agency.com.au","135 Elizabeth St","Hawthorn","Victoria","4.4","20","","Sean Bracewell","","","https://www.instagram.com/hawthorn_buyers_agency","","","","SMSF","62","SMSF buyers agent Hawthorn",""
"Mitcham Property Advocacy","+61 8 9389 5989","https://www.mitcham-property-advocacy.com.au","179 Main St","Mitcham","South Australia","4.5","69","info@mitcham-property-advocacy.com.au","Fiona Pemberton","","https://www.linkedin.com/in/fiona-pemberton","","","66 382 817 016","Sole Trader","Uncategorised","97","buyers agent Mitcham",""
"Fiona Tomlinson Property Advocacy","+61 486 379 906","https://www.fiona-tomlinson-property-advocacy.com.au","137 Clarence St","Perth","Western Australia","4.4","58","info@fiona-tomlinson-property-advocacy.com.au","","","","","","75 993 310 255","Partnership","Investment BA","75","investment buyers agent Perth",""
"Openshaw Buyers Advocates","+61 432 505 896","https://www.openshaw-buyers-advocates.com.au","106 Station St","Claremont","Western Australia","4.5","105","matthew@openshaw-buyers-advocates.com.au","Matthew Openshaw","https://www.linkedin.com/company/openshaw-buyers-advocates","https://www.linkedin.com/in/matthew-openshaw","https://www.instagram.com/openshaw_buyers_advocates","","50 253 764 264","Australian Private Company","Investment BA","100","investment buyers agent Claremont",""
"Newbury Buyers Advocates","+61 7 7878 1924","https://www.newbury-buyers-advocates.com.au","212 Kent St","Fortitude Valley","Queensland","4.9","118","kylie@newbury-buyers-advocates.com.au","Kylie Newbury","https://www.linkedin.com/company/newbury-buyers-advocates","","https://www.instagram.com/newbury_buyers_advocates","","68 671 511 406","Partnership","Uncategorised","100","buyers agent Fortitude Valley",""
"Jake Merriweather Property Buyers","+61 2 5286 2331","https://www.jake-merriweather-property-buyers.com.au","23 High St","Hornsby","New South Wales","5","20","info@jake-merriweather-property-buyers.com.au","Jake Merriweather","","","","","57 984 357 780","Sole Trader","SMSF","99","SMSF buyers agent Hornsby",""
"Morrison Property Buyers","+61 3 9014 7537","https://www.morrison-property-buyers.com.au","219 George St","Glen Waverley","Victoria","4.7","8","","","","","https://www.instagram.com/morrison_property_buyers","","52 825 158 512","Australian Private Company","Uncategorised","38","buyers agent Glen Waverley",""
"Coastal Buyers Agency","+61 460 194 660","https://www.coastal-buyers-agency.com.au","59 Clarence St","St Kilda","Victoria","4.5","8","","","","","","","34 322 551 981","Australian Private Company","Owner-occupier","41","buyers agent first home St Kilda",""
"Redcliffe Property Acquisitions","+61 487 801 812","https://www.redcliffe-property-acquisitions.com.au","141 Pacific Hwy","Redcliffe","Queensland","4.6","109","daniel@redcliffe-property-acquisitions.com.au","Daniel Fletcher","https://www.linkedin.com/company/redcliffe-property-acquisitions","","https://www.instagram.com/redcliffe_property_acquisitions","","88 477 333 189","Sole Trader","Project sales","100","project marketing Redcliffe",""
"Darren MacKenzie Property Advocacy","+61 3 1520 4596","https://www.darren-mackenzie-property-advocacy.com.au","44 High St","South Yarra","Victoria","4.8","89","info@darren-mackenzie-property-advocacy.com.au","Darren MacKenzie","https://www.linkedin.com/company/darren-mackenzie-property-advocacy","","","","13 612 691 158","Discretionary Trading Trust","Uncategorised","100","buyers agent South Yarra",""
"Caulfield Buyers Agency","+61 3 2676 6705","https://www.caulfield-buyers-agency.com.au","40 Pitt St","Caulfield","Victoria","4.8","10","","","","","","","07 257 443 897","Australian Private Company","Owner-occupier","46","buyers agent first home Caulfield",""
"Ravenswood Acquisitions","+61 7 9849 8388","https://www.ravenswood-acquisitions.com.au","57 Kent St","Southport","Queensland","4.8","22","","","","","https://www.instagram.com/ravenswood_acquisitions","","","","Investment BA","49","investment buyers agent Southport",""
"Riverside Property Advocacy","+61 2 4926 9609","https://www.riverside-property-advocacy.com.au","46 Church St","Bankstown","New South Wales","4.2","51","info@riverside-property-advocacy.com.au","Nicole Brennan","https://www.linkedin.com/company/riverside-property-advocacy","","https://www.instagram.com/riverside_property_advocacy","","","","Uncategorised","93","buyers agent Bankstown",""
"Manuka Property Consultants","+61 2 8639 7338","https://www.manuka-property-consultants.com.au","158 George St","Manuka","Australian Capital Territory","4.7","127","info@manuka-property-consultants.com.au","Ryan Fullerton","","https://www.linkedin.com/in/ryan-fullerton","https://www.instagram.com/manuka_property_consultants","","42 085 395 690","Australian Private Company","Uncategorised","99","buyers agent Manuka",""
"Peninsula Property Advocacy","+61 498 228 504","https://www.peninsula-property-advocacy.com.au","101 William St","Crows Nest","New South Wales","5","108","alicia@peninsula-property-advocacy.com.au","Alicia Fletcher","https://www.linkedin.com/company/peninsula-property-advocacy","","","","17 741 997 297","Australian Private Company","Property advisor","100","property advisor Crows Nest",""
"Caloundra Buyers Agency","+61 7 1630 4093","https://www.caloundra-buyers-agency.com.au","121 Railway Pde","Caloundra","Queensland","4.5","49","info@caloundra-buyers-agency.com.au","","https://www.linkedin.com/company/caloundra-buyers-agency","","","","86 378 897 127","Sole Trader","Owner-occupier","79","buyers agent first home Caloundra",""
"Riverside Buyers Agents","+61 461 855 195","https://www.riverside-buyers-agents.com.au","63 Station St","Burnside","South Australia","4.6","41","","","","","https://www.instagram.com/riverside_buyers_agents","","67 291 087 471","Australian Private Company","Investment BA","48","investment buyers agent Burnside",""
"Sydney Property Consultants","+61 413 733 958","https://www.sydney-property-consultants.com.au","180 Clarence St","Sydney","New South Wales","4.8","104","marcus@sydney-property-consultants.com.au","","","","","","73 380 508 429","Discretionary Trading Trust","Investment BA","82","investment buyers agent Sydney",""
"Henderson Buyers Advocate","+61 7 5755 9273","https://www.henderson-buyers-advocate.com.au","178 York St","Townsville","Queensland","4.5","68","","Sean Henderson","","","","","86 949 839 022","Discretionary Trading Trust","Uncategorised","64","buyers agent Townsville",""
"Lawson Acquisitions","+61 483 779 801","https://www.lawson-acquisitions.com.au","203 Flinders St","Moonee Ponds","Victoria","4.4","43","georgia@lawson-acquisitions.com.au","","https://www.linkedin.com/company/lawson-acquisitions","","https://www.instagram.com/lawson_acquisitions","","91 219 283 798","Sole Trader","Investment BA","77","investment buyers agent Moonee Ponds",""
"Kershaw Buyers Advocates","+61 496 809 111","https://www.kershaw-buyers-advocates.com.au","237 Pacific Hwy","Karrinyup","Western Australia","5","126","info@kershaw-buyers-advocates.com.au","","https://www.linkedin.com/company/kershaw-buyers-advocates","","","","59 184 445 391","Australian Private Company","Off-the-plan","85","off the plan buyers agent Karrinyup",""
"Nicholas Warwick Property Buyers","+61 437 534 112","https://www.nicholas-warwick-property-buyers.com.au","225 Railway Pde","Karrinyup","Western Australia","4.5","75","","Nicholas Warwick","https://www.linkedin.com/company/nicholas-warwick-property-buyers","","https://www.instagram.com/nicholas_warwick_property_buyers","","55 366 468 109","Sole Trader","Project sales","74","project marketing Karrinyup",""
"Daniel Robertson Property Advocacy","+61 8 1176 3733","https://www.daniel-robertson-property-advocacy.com.au","145 George St","Glenelg North","South Australia","4.9","92","daniel@daniel-robertson-property-advocacy.com.au","Daniel Robertson","","https://www.linkedin.com/in/daniel-robertson","","","","","Owner-occupier","100","buyers agent first home Glenelg North",""
"Jardine Acquisitions","+61 462 771 466","https://www.jardine-acquisitions.com.au","88 High St","Heidelberg","Victoria","4.3","45","megan@jardine-acquisitions.com.au","","https://www.linkedin.com/company/jardine-acquisitions","","https://www.instagram.com/jardine_acquisitions","","16 291 958 974","Sole Trader","Investment BA","77","investment buyers agent Heidelberg",""
"Townsville Buyers Agents","+61 476 168 586","https://www.townsville-buyers-agents.com.au","182 Flinders St","Townsville","Queensland","4.3","48","","Liam Gallagher","https://www.linkedin.com/company/townsville-buyers-agents","https://www.linkedin.com/in/liam-gallagher","https://www.instagram.com/townsville_buyers_agents","","99 844 176 204","Australian Private Company","Investment BA","70","investment buyers agent Townsville",""
"Blackwood Strategic Buyers","+61 426 479 815","https://www.blackwood-strategic-buyers.com.au","86 York St","Caulfield","Victoria","4.7","58","","Jack Blackwood","https://www.linkedin.com/company/blackwood-strategic-buyers","https://www.linkedin.com/in/jack-blackwood","","","56 707 869 942","Sole Trader","Property advisor","75","property advisor Caulfield",""
"Rachel Ravenswood Buyers Agency","+61 8 3247 7953","https://www.rachel-ravenswood-buyers-agency.com.au","147 Station St","Cottesloe","Western Australia","4.3","64","","Rachel Ravenswood","","https://www.linkedin.com/in/rachel-ravenswood","https://www.instagram.com/rachel_ravenswood_buyers_agency","","04 010 859 119","Australian Private Company","Investment BA","70","investment buyers agent Cottesloe",""
"Daniel Merriweather Property Buyers","+61 7 2481 1668","https://www.daniel-merriweather-property-buyers.com.au","11 Pacific Hwy","Sunshine Coast","Queensland","4.9","64","","Daniel Merriweather","https://www.linkedin.com/company/daniel-merriweather-property-buyers","","https://www.instagram.com/daniel_merriweather_property_buyers","","90 052 413 648","Sole Trader","SMSF","77","SMSF buyers agent Sunshine Coast",""
"Lawson & Associates Buyers Agents","+61 430 948 786","https://www.lawson-associates-buyers-agents.com.au","84 High St","Indooroopilly","Queensland","4.8","23","","Hannah Lawson","","","","","29 904 925 903","Discretionary Trading Trust","Property advisor","69","property advisor Indooroopilly",""
"Grant Gallagher Property Buyers","+61 468 358 997","https://www.grant-gallagher-property-buyers.com.au","250 Pacific Hwy","Newcastle","New South Wales","4.7","114","grant@grant-gallagher-property-buyers.com.au","Grant Gallagher","https://www.linkedin.com/company/grant-gallagher-property-buyers","","","","07 936 083 281","Australian Private Company","Investment BA","100","investment buyers agent Newcastle",""
"Christopher Jardine Buyers Agency","+61 459 245 580","https://www.christopher-jardine-buyers-agency.com.au","97 High St","Toorak","Victoria","4.3","100","info@christopher-jardine-buyers-agency.com.au","","https://www.linkedin.com/company/christopher-jardine-buyers-agency","","","","98 122 358 926","Sole Trader","Investment BA","78","investment buyers agent Toorak",""
"Adam Kingsley Buyers Agency","+61 428 344 184","https://www.adam-kingsley-buyers-agency.com.au","156 Bridge Rd","Bondi","New South Wales","4.9","51","info@adam-kingsley-buyers-agency.com.au","Adam Kingsley","","","https://www.instagram.com/adam_kingsley_buyers_agency","","12 378 615 526","Partnership","Owner-occupier","100","buyers agent first home Bondi",""
"Northside Buyers Agents","+61 8 4925 8199","https://www.northside-buyers-agents.com.au","112 Church St","Mandurah","Western Australia","4.9","69","info@northside-buyers-agents.com.au","Marcus Kingsley","","","","","69 737 404 872","Australian Private Company","Investment BA","100","investment buyers agent Mandurah",""
"Liam Patterson Buyers Agency","+61 495 391 345","https://www.liam-patterson-buyers-agency.com.au","86 Bridge Rd","Springfield","Queensland","4.3","50","info@liam-patterson-buyers-agency.com.au","Liam Patterson","","https://www.linkedin.com/in/liam-patterson","https://www.instagram.com/liam_patterson_buyers_agency","","27 300 690 883","Australian Private Company","Owner-occupier","100","buyers agent first home Springfield",""
"Patrick Fletcher Property Buyers","+61 3 5311 1431","https://www.patrick-fletcher-property-buyers.com.au","143 Main St","Caulfield","Victoria","4.7","34","info@patrick-fletcher-property-buyers.com.au","","https://www.linkedin.com/company/patrick-fletcher-property-buyers","","","","63 547 522 447","Australian Private Company","Uncategorised","74","buyers agent Caulfield",""
"Natalie Harrison Buyers Agency","+61 427 368 707","https://www.natalie-harrison-buyers-agency.com.au","198 Railway Pde","Geelong","Victoria","5","10","","","https://www.linkedin.com/company/natalie-harrison-buyers-agency","","","","32 009 841 097","Partnership","Investment BA","49","investment buyers agent Geelong",""
"Fullerton Buyers Advocates","+61 7 6052 3084","https://www.fullerton-buyers-advocates.com.au","55 York St","Paddington","Queensland","4.4","89","","Benjamin Fullerton","https://www.linkedin.com/company/fullerton-buyers-advocates","","https://www.instagram.com/fullerton_buyers_advocates","","45 586 557 304","Sole Trader","Property advisor","70","property advisor Paddington",""
"Merriweather Acquisitions","+61 463 623 914","https://www.merriweather-acquisitions.com.au","133 Elizabeth St","Marion","South Australia","4.8","20","info@merriweather-acquisitions.com.au","","","","https://www.instagram.com/merriweather_acquisitions","","27 862 480 068","Australian Private Company","Property advisor","81","property advisor Marion",""
"Mosman Property Consultants","+61 459 400 472","https://www.mosman-property-consultants.com.au","120 Bridge Rd","Mosman","New South Wales","4.9","55","samantha@mosman-property-consultants.com.au","Samantha Ashford","","","https://www.instagram.com/mosman_property_consultants","","88 834 178 717","Discretionary Trading Trust","Investment BA","100","investment buyers agent Mosman",""
"Chatswood Property Consultants","+61 2 3414 8969","https://www.chatswood-property-consultants.com.au","215 Elizabeth St","Chatswood","New South Wales","5","24","","Patrick Carmichael","https://www.linkedin.com/company/chatswood-property-consultants","","https://www.instagram.com/chatswood_property_consultants","","48 824 449 537","Australian Private Company","Uncategorised","69","buyers agent Chatswood",""
"Summerset Buyers Agents","+61 416 118 846","https://www.summerset-buyers-agents.com.au","116 Main St","Richmond","Victoria","4.9","54","nicholas@summerset-buyers-agents.com.au","Nicholas Whitmore","","","","","56 237 988 688","Discretionary Trading Trust","Investment BA","100","investment buyers agent Richmond",""
"Stafford Property Group","+61 2 5063 4180","https://www.stafford-property-group.com.au","114 Chapel St","Newcastle","New South Wales","4.4","123","info@stafford-property-group.com.au","","https://www.linkedin.com/company/stafford-property-group","","","","76 568 411 386","Discretionary Trading Trust","Investment BA","78","investment buyers agent Newcastle",""
"Rockingham Buyers Agents","+61 413 145 689","https://www.rockingham-buyers-agents.com.au","239 William St","Rockingham","Western Australia","4.3","36","info@rockingham-buyers-agents.com.au","","","","","","12 951 465 035","Australian Private Company","Property advisor","72","property advisor Rockingham",""
"Harbourside Property Acquisitions","+61 414 664 496","https://www.harbourside-property-acquisitions.com.au","145 Queen St","Bankstown","New South Wales","4.3","121","marcus@harbourside-property-acquisitions.com.au","","","","https://www.instagram.com/harbourside_property_acquisitions","","58 532 506 572","Australian Private Company","Property advisor","77","property advisor Bankstown",""
"Moonee Ponds Property Acquisitions","+61 3 5793 8279","https://www.moonee-ponds-property-acquisitions.com.au","246 Bourke St","Moonee Ponds","Victoria","4.8","90","","","https://www.linkedin.com/company/moonee-ponds-property-acquisitions","","","","95 510 043 415","Australian Private Company","Uncategorised","50","buyers agent Moonee Ponds",""
"Jack Warwick Property Advocacy","+61 8 3125 3913","https://www.jack-warwick-property-advocacy.com.au","228 King St","Victoria Park","Western Australia","4.1","9","jack@jack-warwick-property-advocacy.com.au","","","","https://www.instagram.com/jack_warwick_property_advocacy","","63 876 504 005","Discretionary Trading Trust","Investment BA","69","investment buyers agent Victoria Park",""
"Woolloongabba Property Acquisitions","+61 445 548 937","https://www.woolloongabba-property-acquisitions.com.au","59 Market St","Woolloongabba","Queensland","4.2","64","info@woolloongabba-property-acquisitions.com.au","Benjamin Fairfax","","","","","06 681 054 896","Australian Private Company","Investment BA","95","investment buyers agent Woolloongabba",""
"Brisbane Property Acquisitions","+61 7 3584 4682","https://www.brisbane-property-acquisitions.com.au","238 Pacific Hwy","Brisbane","Queensland","4.3","5","christopher@brisbane-property-acquisitions.com.au","","https://www.linkedin.com/company/brisbane-property-acquisitions","","https://www.instagram.com/brisbane_property_acquisitions","","71 501 608 359","Australian Private Company","Off-the-plan","72","off the plan buyers agent Brisbane",""
"Urban Property Advocacy","+61 8 1743 8876","https://www.urban-property-advocacy.com.au","77 Commercial Rd","Subiaco","Western Australia","4.2","8","info@urban-property-advocacy.com.au","Renee Lawson","","","","","75 952 020 344","Australian Private Company","Property advisor","87","property advisor Subiaco",""
"Claire Lawson Buyers Agency","+61 3 3824 4974","https://www.claire-lawson-buyers-agency.com.au","148 Railway Pde","Essendon","Victoria","4.6","6","info@claire-lawson-buyers-agency.com.au","Claire Lawson","","","","","68 197 704 070","Sole Trader","SMSF","91","SMSF buyers agent Essendon",""
"Lauren Grantham Property Advocacy","+61 3 3028 7270","https://www.lauren-grantham-property-advocacy.com.au","76 King St","Hawthorn","Victoria","4.6","116","lauren@lauren-grantham-property-advocacy.com.au","Lauren Grantham","","https://www.linkedin.com/in/lauren-grantham","","","60 289 278 314","Sole Trader","Investment BA","100","investment buyers agent Hawthorn",""
"Patterson & Associates Buyers Agents","+61 2 6266 9411","https://www.patterson-associates-buyers-agents.com.au","67 Commercial Rd","Mosman","New South Wales","4.3","67","","Lauren Patterson","","","https://www.instagram.com/patterson_associates_buyers_agents","","39 489 554 860","Discretionary Trading Trust","Project sales","67","project marketing Mosman",""
"Blue Mountains Property Advocacy","+61 2 9048 2784","https://www.blue-mountains-property-advocacy.com.au","105 Pitt St","Bondi","New South Wales","4.7","24","info@blue-mountains-property-advocacy.com.au","Adrian Gallagher","https://www.linkedin.com/company/blue-mountains-property-advocacy","","https://www.instagram.com/blue_mountains_property_advocacy","","74 988 720 096","Sole Trader","Uncategorised","96","buyers agent Bondi",""
"Greenwood Buyers Advocate","+61 8 5953 9596","https://www.greenwood-buyers-advocate.com.au","13 Commercial Rd","Rockingham","Western Australia","4.3","93","info@greenwood-buyers-advocate.com.au","Jessica Greenwood","","","https://www.instagram.com/greenwood_buyers_advocate","","78 601 856 401","Sole Trader","Owner-occupier","97","buyers agent first home Rockingham",""
"Campbell Buyers Advocate","+61 444 120 799","https://www.campbell-buyers-advocate.com.au","1 Kent St","Crows Nest","New South Wales","4.9","59","","Andrew Campbell","https://www.linkedin.com/company/campbell-buyers-advocate","https://www.linkedin.com/in/andrew-campbell","","","10 454 350 949","Sole Trader","Investment BA","78","investment buyers agent Crows Nest",""
"Dunlop Property Buyers","+61 450 348 853","https://www.dunlop-property-buyers.com.au","164 Pitt St","Sunshine Coast","Queensland","4.4","123","nicole@dunlop-property-buyers.com.au","","","","","","98 965 015 450","Australian Private Company","Investment BA","75","investment buyers agent Sunshine Coast",""
"Townsville Property Consultants","+61 7 6061 3413","https://www.townsville-property-consultants.com.au","205 Commercial Rd","Townsville","Queensland","4.3","10","","Zoe Henderson","","https://www.linkedin.com/in/zoe-henderson","","","62 057 660 689","Australian Private Company","Uncategorised","57","buyers agent Townsville",""
"Davenport Buyers Advocates","+61 496 424 440","https://www.davenport-buyers-advocates.com.au","237 Pacific Hwy","Blacktown","New South Wales","4.6","64","","","","","","","27 920 325 448","Discretionary Trading Trust","Property advisor","49","property advisor Blacktown",""
"Whitmore & Associates Buyers Agents","+61 428 198 645","https://www.whitmore-associates-buyers-agents.com.au","20 High St","Wollongong","New South Wales","4.4","56","info@whitmore-associates-buyers-agents.com.au","","","","","","","","Off-the-plan","73","off the plan buyers agent Wollongong",""
"Grantham Property Group","+61 478 216 293","https://www.grantham-property-group.com.au","216 York St","Brighton","Victoria","4.4","52","","Nathan Grantham","","https://www.linkedin.com/in/nathan-grantham","","","47 127 786 216","Australian Private Company","Property advisor","68","property advisor Brighton",""
"Amy Davenport Property Advocacy","+61 458 374 891","https://www.amy-davenport-property-advocacy.com.au","184 George St","Rockingham","Western Australia","4.5","18","info@amy-davenport-property-advocacy.com.au","","","","","","86 639 954 294","Sole Trader","Property advisor","73","property advisor Rockingham",""
"Dunlop Acquisitions","+61 420 638 285","https://www.dunlop-acquisitions.com.au","238 York St","Manly","New South Wales","4.4","28","info@dunlop-acquisitions.com.au","Lisa Dunlop","","","https://www.instagram.com/dunlop_acquisitions","","36 384 017 172","Sole Trader","Off-the-plan","94","off the plan buyers agent Manly",""
